{"intents":[
  {
    "tag": "Vata",
    "patterns": [
      "I tend to have a slender or wiry physique",
      "I have dry, rough, or prone to cracking skin",
      "I often described as quick-thinking and creative",
      "I have irregular eating and sleeping patterns",
      "I  prone to anxiety, worry, or nervousness"
    ],
    "responses": [
      "You Prakriti is Vata"
    ]
  },
  {
    "tag": "Pitta",
    "patterns": [
      "My body build medium with a moderate physique",
      "My skin tend to be fair, sensitive, and prone to redness or sunburn",
      "how can i book appointment",
      "how can i take appointment",
      "how can i register myself for appointment",
      "can i have an appointment",
      "can i talk to somebody in-person",
      "can i talk to someone in-person",
      "can i talk to team",
      "i want to book an air ticket"
    ],
    "responses": [
      "You Prakriti is Pitta"
    ]
  },
  {
    "tag": "Kapha",
    "patterns": [
      "QUE"
    ],
    "responses": [
      "You Prakriti is Kapha"
    ]
  },
  {
    "tag": "Vata Pitta ",
    "patterns": [
      "can you help me to get air tickets at low price",
      "do you offer flight tickets at low cost",
      "do you offer flight tickets at cheaper price",
      "do you offer flight tickets at cost-effective",
      "can you help me to get flight tickets at low price",
      "what about flight tickets",
      "I want cheaper flight tickets",
      "can you help me to get discount into flight tickets",
      "can you help me to get discount into air tickets",
      "can you help me to get discount into flight"
    ],
    "responses": [
      "You Prakriti is Vata Pitta"
    ]
  },
  {
    "tag": "Vata Kaphaja",
    "patterns": [
      "can you help me to do insurance of health and travelling",
      "do you offer insurance policy for health and travel",
      "i want to insurance my health before travelling",
      "i want to do medi-claim before flight",
      "what about insurances",
      "which type of insurances you provide",
      "what kind of insurance policy for me",
      "what kind of insurance policy for health"
    ],
    "responses": [
      "You Prakriti is Vata Kaphaja"
    ]
  },
  {
    "tag": "Pitta Kaphaja ",
    "patterns": [
      "i need to exchange currency dealer",
      "can you help me to find currency exchanger",
      "foreign exchange currency",
      "what about currency exchange",
      "what about currency conversion",
      "what about money conversion"
    ],
    "responses": [
      "You Prakriti is Pitta Kaphaja"
    ]
  },
  {
    "tag": "Tridoshaj",
    "patterns": [
      "can you help me in accommodation",
      "do you offer accommodation",
      "do you offer cost-effective accommodation",
      "what about accommodation",
      "do you offer off-campus accommodation",
      "can you help me arrange to my stay.",
      "can you help me arrange to my stay with cheaper price.",
      "can you help me arrange breakfast and dinner",
      "can you your accommodation provider offer breakfast and dinner."
    ],
    "responses": [
      "You Prakriti is Tridoshaj"
    ]
  },

  {"tag": "greeting",
    "patterns": ["Hi there", "How are you", "Is anyone there?","Hey","Hola", "Hello", "Good day"],
    "responses": ["Hello how can I help you?", "Hi there, how can I help?"],
    "context": [""]
  },
  {"tag": "noanswer",
         "patterns": [],
         "responses": ["Sorry, can't understand you", "Please give me more info", "Not sure I understand"],
         "context": [""]
  },
  {"tag":"timing",
    "patterns":["what is the timing?","When its open?","when it is closed","what is opening time?","are you open today?","what are hours?","how late are you open?"],
    "responses":["We are open from Morning 9 to Evening 7! Come Visit us.","We are available from 9 A.M to 9 P.M!"],
    "context":[""]
  }
  ]
}